merchant,brand,name,description,current_price,pre_price_text,price_text,sku,flyer_valid_from,flyer_valid_to,image_url
FreshCo,,Mother's Magic Momos Duo Pack 700 g Tastie Spring Rolls 2.8 kg,,10.0,,,,2023-02-09T00:00:00-05:00,2023-02-15T23:59:59-05:00,http://f.wishabi.net/page_items/286016671/1675792690/extra_large.jpg
FreshCo,,Red Seedless Grapes Product of Peru No. 1 Grade 4.39/kg,,1.99,,/lb,,2023-02-09T00:00:00-05:00,2023-02-15T23:59:59-05:00,http://f.wishabi.net/page_pdf_images/15400022/bf125f54-a31a-11ed-831e-0e1ba86a8db4/x_large
FreshCo,,Best Buy Ground Beef Chicken or Turkey Frozen 1.2-1.81kg,,10.0,,,,2023-02-09T00:00:00-05:00,2023-02-15T23:59:59-05:00,http://f.wishabi.net/page_pdf_images/15400022/c1134a0c-a31a-11ed-831e-0e1ba86a8db4/x_large
FreshCo,,Dr. Oetker Casa Di Mama or Ristorante Pizza 320-410 g Dr. Oetker Giuseppe Garlic Fingers 317 g,,3.49,,,,2023-02-09T00:00:00-05:00,2023-02-15T23:59:59-05:00,http://f.wishabi.net/page_pdf_images/15400022/c0180516-a31a-11ed-831e-0e1ba86a8db4/x_large
FreshCo,,Coca-Cola or Pepsi Soft Drinks 12x355 mL Selected Varieties,,6.29,,,,2023-02-09T00:00:00-05:00,2023-02-15T23:59:59-05:00,http://f.wishabi.net/page_pdf_images/15400022/bf4f3622-a31a-11ed-831e-0e1ba86a8db4/x_large
FreshCo,,One Dozen 50 cm Long Stem Roses with Greens & Baby's Breath,,19.99,,,,2023-02-09T00:00:00-05:00,2023-02-15T23:59:59-05:00,http://f.wishabi.net/page_pdf_images/15400022/bf920524-a31a-11ed-831e-0e1ba86a8db4/x_large
FreshCo,,Ferrero Rocher T16 Chocolate Gift Box 200 g,,7.99,,,,2023-02-09T00:00:00-05:00,2023-02-15T23:59:59-05:00,http://f.wishabi.net/page_pdf_images/15400022/c00392ca-a31a-11ed-831e-0e1ba86a8db4/x_large
FreshCo,,Janes Ultimates Chicken Wings Frozen 695-745 g,,6.99,,with Scene+ Card,,2023-02-09T00:00:00-05:00,2023-02-15T23:59:59-05:00,http://f.wishabi.net/page_pdf_images/15400022/c0a2febe-a31a-11ed-831e-0e1ba86a8db4/x_large
FreshCo,,Compliments Medium Eggs 30 pk,,5.99,,with Scene+ Card,,2023-02-09T00:00:00-05:00,2023-02-15T23:59:59-05:00,http://f.wishabi.net/page_pdf_images/15400022/c0c90b68-a31a-11ed-831e-0e1ba86a8db4/x_large
FreshCo,,Avocados 5 pk Product of Mexico,,1.99,,with Scene+ Card,,2023-02-09T00:00:00-05:00,2023-02-15T23:59:59-05:00,http://f.wishabi.net/page_pdf_images/15400022/c04fd446-a31a-11ed-831e-0e1ba86a8db4/x_large
FreshCo,,"OKA Original, Aged and Mushrooms & Truffle",190 g,6.29,,each,,2023-02-09T00:00:00-05:00,2023-02-15T23:59:59-05:00,http://f.wishabi.net/page_items/286345955/1675792714/extra_large.jpg
FreshCo,,FOLIO Cheese Wraps,170 g,7.29,,each,,2023-02-09T00:00:00-05:00,2023-02-15T23:59:59-05:00,http://f.wishabi.net/page_items/286345956/1675792715/extra_large.jpg
FreshCo,,AGROPUR Grand Cheddar,200 g,7.99,From 6.49 to,,,2023-02-09T00:00:00-05:00,2023-02-15T23:59:59-05:00,http://f.wishabi.net/page_items/286345957/1675792716/extra_large.jpg
FreshCo,,MONSIEUR GUSTAV Cheddar Cheese Extra Old White,250 g,6.49,,each,,2023-02-09T00:00:00-05:00,2023-02-15T23:59:59-05:00,http://f.wishabi.net/page_items/286345958/1675792717/extra_large.jpg
FreshCo,,"MONSIEUR GUSTAV Cheddar Cheese Old, Old White, Medium, Mild Marble",250 g,5.99,,each,,2023-02-09T00:00:00-05:00,2023-02-15T23:59:59-05:00,http://f.wishabi.net/page_items/286345959/1675792718/extra_large.jpg
FreshCo,,"MONSIEUR GUSTAV Gouda Cheese Smoked, Mild, Caraway, or Jalapeno",170 g,5.99,,each,,2023-02-09T00:00:00-05:00,2023-02-15T23:59:59-05:00,http://f.wishabi.net/page_items/286345960/1675792719/extra_large.jpg
FreshCo,,Cosmic Crisp Apples Product of USA Extra Fancy Grade Ambrosia Apples Product of Ontario Canada Extra Fancy Grade 3.95/kg,,1.79,,/lb,,2023-02-09T00:00:00-05:00,2023-02-15T23:59:59-05:00,http://f.wishabi.net/page_pdf_images/15400023/c42d22f8-a31a-11ed-b88d-0edc53c25ee6/x_large
FreshCo,,Roma Tomatoes Product of Mexico No. 1 Grade 4.39/kg,,1.99,,/lb,,2023-02-09T00:00:00-05:00,2023-02-15T23:59:59-05:00,http://f.wishabi.net/page_pdf_images/15400023/c4633258-a31a-11ed-b88d-0edc53c25ee6/x_large
FreshCo,,Blueberries 170 g Product of Chile or Mexico No. 1 Grade Kiwi 600 g Product of Greece,,2.99,,,,2023-02-09T00:00:00-05:00,2023-02-15T23:59:59-05:00,http://f.wishabi.net/page_items/286016683/1675792692/extra_large.jpg
FreshCo,,Stem & Leaf Clementines Product of Spain 5.49/kg,,2.49,,/lb,,2023-02-09T00:00:00-05:00,2023-02-15T23:59:59-05:00,http://f.wishabi.net/page_pdf_images/15400023/c4b61860-a31a-11ed-b88d-0edc53c25ee6/x_large
FreshCo,,Asparagus Product or Mexico No. 1 Grade 8.80/kg,,3.99,,/lb,,2023-02-09T00:00:00-05:00,2023-02-15T23:59:59-05:00,http://f.wishabi.net/page_pdf_images/15400023/c65fe2fe-a31a-11ed-b88d-0edc53c25ee6/x_large
FreshCo,,Iceberg Lettuce Product of USA No. 1 Grade,,2.49,,,,2023-02-09T00:00:00-05:00,2023-02-15T23:59:59-05:00,http://f.wishabi.net/page_pdf_images/15400023/c6a2077e-a31a-11ed-b88d-0edc53c25ee6/x_large
FreshCo,,Green or Red Sweet Bell Peppers 4 pk Product of Mexico,,4.49,,,,2023-02-09T00:00:00-05:00,2023-02-15T23:59:59-05:00,http://f.wishabi.net/page_items/286016687/1675792696/extra_large.jpg
FreshCo,,Lemons 2 lb Bag Product of Spain 907 g,,3.99,,,,2023-02-09T00:00:00-05:00,2023-02-15T23:59:59-05:00,http://f.wishabi.net/page_pdf_images/15400023/c4e9fb8a-a31a-11ed-b88d-0edc53c25ee6/x_large
FreshCo,,"Compliments Yelow, White Red or Medley Mini Potatoes 680 g Product of Ontario Canada No. 1",,3.99,,,,2023-02-09T00:00:00-05:00,2023-02-15T23:59:59-05:00,http://f.wishabi.net/page_pdf_images/15400023/c52bc420-a31a-11ed-b88d-0edc53c25ee6/x_large
FreshCo,,Taylor Farms Chopped Salad Kit 316-377g Assorted,,4.99,,,,2023-02-09T00:00:00-05:00,2023-02-15T23:59:59-05:00,http://f.wishabi.net/page_items/286016690/1675792698/extra_large.jpg
FreshCo,,Fresh Chicken Leg Quarters Back Attached,,10.0,,,,2023-02-09T00:00:00-05:00,2023-02-15T23:59:59-05:00,http://f.wishabi.net/page_pdf_images/15400023/c6e44ecc-a31a-11ed-b88d-0edc53c25ee6/x_large
FreshCo,,Fresh Tilapia Fillets 19.82/kg,,8.99,,/lb,,2023-02-09T00:00:00-05:00,2023-02-15T23:59:59-05:00,http://f.wishabi.net/page_pdf_images/15400023/c6e5db3e-a31a-11ed-b88d-0edc53c25ee6/x_large
FreshCo,,Carver's Choice Bacon 375 g Schneiders Red Hots 375 g,,2.99,,with Scene+ Card,,2023-02-09T00:00:00-05:00,2023-02-15T23:59:59-05:00,http://f.wishabi.net/page_items/286016693/1675792701/extra_large.jpg
FreshCo,,Green Ocean Salmon Fillets Frozen 26.43/kg,,11.99,,/lb,,2023-02-09T00:00:00-05:00,2023-02-15T23:59:59-05:00,http://f.wishabi.net/page_pdf_images/15400023/c6a392e2-a31a-11ed-b88d-0edc53c25ee6/x_large
FreshCo,,High Liner Signature or Pan-SEAR 500-750 g,,10.99,,,,2023-02-09T00:00:00-05:00,2023-02-15T23:59:59-05:00,http://f.wishabi.net/page_pdf_images/15400023/c35155fc-a31a-11ed-b88d-0edc53c25ee6/x_large
FreshCo,,Asian Inspirations Entrees Frozen 400 g Gold Label Naturally Smokeys Smoked Sausage 375 g,,4.99,,,,2023-02-09T00:00:00-05:00,2023-02-15T23:59:59-05:00,http://f.wishabi.net/page_pdf_images/15400023/c56d7690-a31a-11ed-b88d-0edc53c25ee6/x_large
FreshCo,,"Piller's Mild, Hot Turkey or Simply Free Meat Sticks 300-500 g",,6.99,,with Scene+ Card,,2023-02-09T00:00:00-05:00,2023-02-15T23:59:59-05:00,http://f.wishabi.net/page_pdf_images/15400023/c62719d8-a31a-11ed-b88d-0edc53c25ee6/x_large
FreshCo,,Villaggio Bread 570-675 g,,6.0,,,,2023-02-09T00:00:00-05:00,2023-02-15T23:59:59-05:00,http://f.wishabi.net/page_pdf_images/15400023/c3833f54-a31a-11ed-b88d-0edc53c25ee6/x_large
FreshCo,,Dempster's English Muffins 6 pk Compliments Bagels 6 pk,,1.99,,,,2023-02-09T00:00:00-05:00,2023-02-15T23:59:59-05:00,http://f.wishabi.net/page_pdf_images/15400023/c3bba2cc-a31a-11ed-b88d-0edc53c25ee6/x_large
FreshCo,,Kaukauna Cheese Ball 170 g Boursin 150 g Brandt Kolbassa Coil 250 g or Polish Coil 300 g,,4.99,,,,2023-02-09T00:00:00-05:00,2023-02-15T23:59:59-05:00,http://f.wishabi.net/page_pdf_images/15400023/c3ef0ed2-a31a-11ed-b88d-0edc53c25ee6/x_large
FreshCo,,Maple Leaf Natural Selections Deli Sliced Meat 175g,,5.99,,,,2023-02-09T00:00:00-05:00,2023-02-15T23:59:59-05:00,http://f.wishabi.net/page_items/286016701/1675792708/extra_large.jpg
FreshCo,,Chinese Eggplant Product of Honduras 3.95/kg,,1.79,,/lb,,2023-02-09T00:00:00-05:00,2023-02-15T23:59:59-05:00,http://f.wishabi.net/page_pdf_images/15400023/c5d1b68c-a31a-11ed-b88d-0edc53c25ee6/x_large
FreshCo,,Garlic 5 pk Product of China,,1.29,,,,2023-02-09T00:00:00-05:00,2023-02-15T23:59:59-05:00,http://f.wishabi.net/page_pdf_images/15400023/c5e30a90-a31a-11ed-b88d-0edc53c25ee6/x_large
FreshCo,,Double Fresh Guaranteed,,,,,,2023-02-09T00:00:00-05:00,2023-02-15T23:59:59-05:00,http://f.wishabi.net/page_items/286280420/1675792712/extra_large.jpg
FreshCo,,Mina Supreme Crunch Frozen 600-720g,,9.99,,,,2023-02-09T00:00:00-05:00,2023-02-15T23:59:59-05:00,http://f.wishabi.net/page_pdf_images/15400025/c4fd9834-a31a-11ed-bff8-0e1ba86a8db4/x_large
FreshCo,,Minute Maid Orange Juice 1.75 L Five Alive Beverage 1.75 L,,2.99,,,,2023-02-09T00:00:00-05:00,2023-02-15T23:59:59-05:00,http://f.wishabi.net/page_pdf_images/15400025/c17766ae-a31a-11ed-bff8-0e1ba86a8db4/x_large
FreshCo,,Philadelphia Cream Cheese 227-250g,,3.99,,,,2023-02-09T00:00:00-05:00,2023-02-15T23:59:59-05:00,http://f.wishabi.net/page_pdf_images/15400025/c1b082f4-a31a-11ed-bff8-0e1ba86a8db4/x_large
FreshCo,,Natrel Plus 2 L,,5.99,,,,2023-02-09T00:00:00-05:00,2023-02-15T23:59:59-05:00,http://f.wishabi.net/page_pdf_images/15400025/c1b21164-a31a-11ed-bff8-0e1ba86a8db4/x_large
FreshCo,,Fairlife Milk 1.5 L,,4.99,,,,2023-02-09T00:00:00-05:00,2023-02-15T23:59:59-05:00,http://f.wishabi.net/page_pdf_images/15400025/c1ec4eec-a31a-11ed-bff8-0e1ba86a8db4/x_large
FreshCo,,We Price Match,,,,,,2023-02-09T00:00:00-05:00,2023-02-15T23:59:59-05:00,http://f.wishabi.net/page_items/286280421/1675792713/extra_large.jpg
FreshCo,,Kraft Dinner 156-225 g,,1.25,,,,2023-02-09T00:00:00-05:00,2023-02-15T23:59:59-05:00,http://f.wishabi.net/page_pdf_images/15400025/c1f01af4-a31a-11ed-bff8-0e1ba86a8db4/x_large
FreshCo,,Crave Frozen Dinners 283-340 g,,2.99,,,,2023-02-09T00:00:00-05:00,2023-02-15T23:59:59-05:00,http://f.wishabi.net/page_pdf_images/15400025/c2292b82-a31a-11ed-bff8-0e1ba86a8db4/x_large
FreshCo,,Snack Pack Gels 99g or Pudding 396 g Selected Varieties,,1.69,,,,2023-02-09T00:00:00-05:00,2023-02-15T23:59:59-05:00,http://f.wishabi.net/page_pdf_images/15400025/c599e748-a31a-11ed-bff8-0e1ba86a8db4/x_large
FreshCo,,Nescafe Gold Instant Coffee 90-100g or Sweet and Creamy 18 pk or Taster's Choice 100 g,,5.49,,,,2023-02-09T00:00:00-05:00,2023-02-15T23:59:59-05:00,http://f.wishabi.net/page_pdf_images/15400025/c3234428-a31a-11ed-bff8-0e1ba86a8db4/x_large
FreshCo,,Folgers K-Cups 12 pk,,6.99,,,,2023-02-09T00:00:00-05:00,2023-02-15T23:59:59-05:00,http://f.wishabi.net/page_pdf_images/15400025/c26d26f2-a31a-11ed-bff8-0e1ba86a8db4/x_large
FreshCo,,Takis 190-280g,,2.99,,,,2023-02-09T00:00:00-05:00,2023-02-15T23:59:59-05:00,http://f.wishabi.net/page_pdf_images/15400025/c29ebca8-a31a-11ed-bff8-0e1ba86a8db4/x_large
FreshCo,,AHA Sparkling Water 12x355 mL Coca-Cola Mini Bottles 8x300 mL,,4.99,,,,2023-02-09T00:00:00-05:00,2023-02-15T23:59:59-05:00,http://f.wishabi.net/page_items/286016762/1675792698/extra_large.jpg
FreshCo,,Air Wick Essential Mist Refill 20 mL or Lysol Wipes 75-84pk,,5.49,,,,2023-02-09T00:00:00-05:00,2023-02-15T23:59:59-05:00,http://f.wishabi.net/page_pdf_images/15400025/c2652754-a31a-11ed-bff8-0e1ba86a8db4/x_large
FreshCo,,Simply Orange Juice 1.54 L,,3.99,,,,2023-02-09T00:00:00-05:00,2023-02-15T23:59:59-05:00,http://f.wishabi.net/page_pdf_images/15400025/c4725abc-a31a-11ed-bff8-0e1ba86a8db4/x_large
FreshCo,,Yoplait Tubes 8 pk Yoplait Minigo 6 pk,,2.49,,,,2023-02-09T00:00:00-05:00,2023-02-15T23:59:59-05:00,http://f.wishabi.net/page_pdf_images/15400025/c328d49c-a31a-11ed-bff8-0e1ba86a8db4/x_large
FreshCo,,Nestea Iced Tea 1.75 L or Fruitopia Drinks 1.75 L,,1.79,,,,2023-02-09T00:00:00-05:00,2023-02-15T23:59:59-05:00,http://f.wishabi.net/page_items/286016764/1675792699/extra_large.jpg
FreshCo,,Simply Lemonade or Gold Peak Beverage 1.54-175 L,,3.49,,,,2023-02-09T00:00:00-05:00,2023-02-15T23:59:59-05:00,http://f.wishabi.net/page_pdf_images/15400025/c4a85cac-a31a-11ed-bff8-0e1ba86a8db4/x_large
FreshCo,,"Nature Valley Chewy Bars 148-210 g, Fibre 1 Bars 125-175 g Mott's Fruitsations or Betty Crocker Fruit Shapes 226 g Selected Varieties",,2.99,,,,2023-02-09T00:00:00-05:00,2023-02-15T23:59:59-05:00,http://f.wishabi.net/page_items/286016768/1675792702/extra_large.jpg
FreshCo,,Simply Orange Juice 2.63L,,5.79,,,,2023-02-09T00:00:00-05:00,2023-02-15T23:59:59-05:00,http://f.wishabi.net/page_pdf_images/15400025/c4b1fd70-a31a-11ed-bff8-0e1ba86a8db4/x_large
FreshCo,,Gold Peak Beverages 2.63 L,,5.49,,,,2023-02-09T00:00:00-05:00,2023-02-15T23:59:59-05:00,http://f.wishabi.net/page_pdf_images/15400025/c4ea2b46-a31a-11ed-bff8-0e1ba86a8db4/x_large
FreshCo,,General Mills Cereal Selected 300-437 g or Chex Cereal 340-395 g,,7.0,2/,,,2023-02-09T00:00:00-05:00,2023-02-15T23:59:59-05:00,http://f.wishabi.net/page_items/286016771/1675792705/extra_large.jpg
FreshCo,,Old El Paso Kits 250-510 g or Salsa 650 mL,,4.0,,,,2023-02-09T00:00:00-05:00,2023-02-15T23:59:59-05:00,http://f.wishabi.net/page_pdf_images/15400025/c4244aa2-a31a-11ed-bff8-0e1ba86a8db4/x_large
FreshCo,,Mina Supreme Crunch Frozen 600-720g,,9.99,,,,2023-02-09T00:00:00-05:00,2023-02-15T23:59:59-05:00,http://f.wishabi.net/page_pdf_images/15400025/c4fd9834-a31a-11ed-bff8-0e1ba86a8db4/x_large
FreshCo,,Compliments Feta 400 g or Tre Stelle Cheese Wedge 200 g Selected Varieties,,7.99,,,,2023-02-09T00:00:00-05:00,2023-02-15T23:59:59-05:00,http://f.wishabi.net/page_items/286016774/1675792707/extra_large.jpg
FreshCo,,We Price Match,,,,,,2023-02-09T00:00:00-05:00,2023-02-15T23:59:59-05:00,http://f.wishabi.net/page_items/286280421/1675792713/extra_large.jpg
FreshCo,,Haagen-Dazs Novelties 3 pk,,3.99,,,,2023-02-09T00:00:00-05:00,2023-02-15T23:59:59-05:00,http://f.wishabi.net/page_pdf_images/15400024/c359e456-a31a-11ed-b8d5-0e1ba86a8db4/x_large
FreshCo,,Bubly 12x355 mL Montellier 10x355 mL,,4.99,,,,2023-02-09T00:00:00-05:00,2023-02-15T23:59:59-05:00,http://f.wishabi.net/page_pdf_images/15400024/c4181106-a31a-11ed-b8d5-0e1ba86a8db4/x_large
FreshCo,,Lay's Potato Chips 177-235g or Poppables 130g Smartfood 150-220g,,5.0,2/,,,2023-02-09T00:00:00-05:00,2023-02-15T23:59:59-05:00,http://f.wishabi.net/page_items/286016414/1675792692/extra_large.jpg
FreshCo,,Grace Soda 355 mL Selected Varieties or Grace Peanut Punch 240 mL,,0.99,,,,2023-02-09T00:00:00-05:00,2023-02-15T23:59:59-05:00,http://f.wishabi.net/page_pdf_images/15400024/c62bea9e-a31a-11ed-b8d5-0e1ba86a8db4/x_large
FreshCo,,Ocean Spray Cocktail 1.89 L Mott's Clamato 1.89 L,,7.0,2/,,,2023-02-09T00:00:00-05:00,2023-02-15T23:59:59-05:00,http://f.wishabi.net/page_items/286016416/1675792694/extra_large.jpg
FreshCo,,Quaker Cereal 325-500 g Selected Varieties,,2.99,,with Scene+ Card,,2023-02-09T00:00:00-05:00,2023-02-15T23:59:59-05:00,http://f.wishabi.net/page_items/286016418/1675792696/extra_large.jpg
FreshCo,,Pringles Super Stacks 148-156g Quaker Crispy Minis 100g or Rice Cakes 127-199g,,1.99,,,,2023-02-09T00:00:00-05:00,2023-02-15T23:59:59-05:00,http://f.wishabi.net/page_pdf_images/15400024/c48f0e6e-a31a-11ed-b8d5-0e1ba86a8db4/x_large
FreshCo,,Grace Plantain Chips 85 g Selected Varieties,,0.99,,,,2023-02-09T00:00:00-05:00,2023-02-15T23:59:59-05:00,http://f.wishabi.net/page_pdf_images/15400024/c6feacb8-a31a-11ed-b8d5-0e1ba86a8db4/x_large
FreshCo,,Heinz Ketchup 1 L Kraft Miracle Whip 650-890 mL,,3.99,,,,2023-02-09T00:00:00-05:00,2023-02-15T23:59:59-05:00,http://f.wishabi.net/page_items/286016417/1675792695/extra_large.jpg
FreshCo,,Hellmann's Mayonnaise 710-890 mL,,5.49,,,,2023-02-09T00:00:00-05:00,2023-02-15T23:59:59-05:00,http://f.wishabi.net/page_pdf_images/15400024/c506d836-a31a-11ed-b8d5-0e1ba86a8db4/x_large
FreshCo,,Kellogg's Cheez-It Crackers 191-200 g,,2.49,,,,2023-02-09T00:00:00-05:00,2023-02-15T23:59:59-05:00,http://f.wishabi.net/page_pdf_images/15400024/c509ab88-a31a-11ed-b8d5-0e1ba86a8db4/x_large
FreshCo,,Excelsior Crackers 300g,,3.0,2/,,,2023-02-09T00:00:00-05:00,2023-02-15T23:59:59-05:00,http://f.wishabi.net/page_pdf_images/15400024/c5fe3f04-a31a-11ed-b8d5-0e1ba86a8db4/x_large
FreshCo,,Liberté Greek Yogourt 650-750 g Yoplait Source Yogourt 16 pk,,5.49,,,,2023-02-09T00:00:00-05:00,2023-02-15T23:59:59-05:00,http://f.wishabi.net/page_pdf_images/15400024/c66e53e8-a31a-11ed-b8d5-0e1ba86a8db4/x_large
FreshCo,,Christie Crispers 145 g,,1.99,,,,2023-02-09T00:00:00-05:00,2023-02-15T23:59:59-05:00,http://f.wishabi.net/page_pdf_images/15400024/c542dc5a-a31a-11ed-b8d5-0e1ba86a8db4/x_large
FreshCo,,Unico Beans 540 mL Unico Tomatoes 769 mL,,4.0,3/,,,2023-02-09T00:00:00-05:00,2023-02-15T23:59:59-05:00,http://f.wishabi.net/page_items/286016430/1675792705/extra_large.jpg
FreshCo,,Cesar Dog Food 12 pk,,15.49,,,,2023-02-09T00:00:00-05:00,2023-02-15T23:59:59-05:00,http://f.wishabi.net/page_pdf_images/15400024/c54a36ee-a31a-11ed-b8d5-0e1ba86a8db4/x_large
FreshCo,,Nutrament Drinks 355 mL Selected Varieties,,5.0,2/,,,2023-02-09T00:00:00-05:00,2023-02-15T23:59:59-05:00,http://f.wishabi.net/page_items/286016424/1675792701/extra_large.jpg
FreshCo,,Sponge Towels Mega 6=12 rolls,,11.99,,,,2023-02-09T00:00:00-05:00,2023-02-15T23:59:59-05:00,http://f.wishabi.net/page_pdf_images/15400024/c57decdc-a31a-11ed-b8d5-0e1ba86a8db4/x_large
FreshCo,,"Tide Liquid Laundry Detergent 1.36L, Tide Pods 414-436g or Downy Rinse & Refresh Fabric Softener 754mL",,6.99,,,,2023-02-09T00:00:00-05:00,2023-02-15T23:59:59-05:00,http://f.wishabi.net/page_pdf_images/15400024/c6ce7f48-a31a-11ed-b8d5-0e1ba86a8db4/x_large
FreshCo,,Contour Next Test Strips 100 pk Free Meter with Purchase of Test Strips 100 pk,,69.99,,,,2023-02-09T00:00:00-05:00,2023-02-15T23:59:59-05:00,http://f.wishabi.net/page_pdf_images/15400024/c74369f2-a31a-11ed-b8d5-0e1ba86a8db4/x_large
FreshCo,,Lifesource Basic Slim Blood Pressure Monitor 1 pk,,39.99,,,,2023-02-09T00:00:00-05:00,2023-02-15T23:59:59-05:00,http://f.wishabi.net/page_pdf_images/15400024/c7679f8e-a31a-11ed-b8d5-0e1ba86a8db4/x_large
FreshCo,,Mr. Goudas Parboiled or Long Grain Rice 8 kg,,13.99,,,,2023-02-09T00:00:00-05:00,2023-02-15T23:59:59-05:00,http://f.wishabi.net/page_items/286016425/1675792701/extra_large.jpg
FreshCo,,Nestle Cellos 135-203 g or Nestle Multipacks 164-200 g,,3.49,,,,2023-02-09T00:00:00-05:00,2023-02-15T23:59:59-05:00,http://f.wishabi.net/page_pdf_images/15400015/c60f7b2a-a31a-11ed-b0be-0e7faade0358/x_large
FreshCo,,Pearl Milling Company Pancake Mix 905 g or Table Syrup 710 mL or Quaker Instant Oatmeal 228-384 g Selected Varieties,,3.0,,,,2023-02-09T00:00:00-05:00,2023-02-15T23:59:59-05:00,http://f.wishabi.net/page_items/286016396/1675792691/extra_large.jpg
FreshCo,,"Dare Viva Puffs or Wagon Wheels 300-360 g, Dare Whippets 230-250 g or Dare Ultimate Cookies 290-300 g",,2.29,,,,2023-02-09T00:00:00-05:00,2023-02-15T23:59:59-05:00,http://f.wishabi.net/page_pdf_images/15400015/c6940b2e-a31a-11ed-b0be-0e7faade0358/x_large
FreshCo,,Pepperidge Farm Goldfish Crackers 156-200 g,,2.69,,,,2023-02-09T00:00:00-05:00,2023-02-15T23:59:59-05:00,http://f.wishabi.net/page_items/286016398/1675792693/extra_large.jpg
FreshCo,,Campbell's Chunky Soup 515 mL,,2.99,,,,2023-02-09T00:00:00-05:00,2023-02-15T23:59:59-05:00,http://f.wishabi.net/page_pdf_images/15400015/c5888624-a31a-11ed-b0be-0e7faade0358/x_large
FreshCo,,Hellmann's Mayonnaise 710-890 mL,,5.49,,,,2023-02-09T00:00:00-05:00,2023-02-15T23:59:59-05:00,http://f.wishabi.net/page_pdf_images/15400015/c542fabe-a31a-11ed-b0be-0e7faade0358/x_large
FreshCo,,Kraft Cheez Whiz 450 g,,7.0,2/,,,2023-02-09T00:00:00-05:00,2023-02-15T23:59:59-05:00,http://f.wishabi.net/page_pdf_images/15400015/c503bd9a-a31a-11ed-b0be-0e7faade0358/x_large
FreshCo,,Frito-Lay Variety Pack 18 pk,,7.99,,,,2023-02-09T00:00:00-05:00,2023-02-15T23:59:59-05:00,http://f.wishabi.net/page_pdf_images/15400015/c53fbb4c-a31a-11ed-b0be-0e7faade0358/x_large
FreshCo,,Vita Coca Coconut Water 1 L,,3.49,,,,2023-02-09T00:00:00-05:00,2023-02-15T23:59:59-05:00,http://f.wishabi.net/page_pdf_images/15400015/c4ffdbda-a31a-11ed-b0be-0e7faade0358/x_large
FreshCo,,Pine-Sol 1.41 L or Clorox Liquid Bleach 2.4 L,,4.99,,,,2023-02-09T00:00:00-05:00,2023-02-15T23:59:59-05:00,http://f.wishabi.net/page_pdf_images/15400015/c47ac4b8-a31a-11ed-b0be-0e7faade0358/x_large
FreshCo,,Dawn Dish Detergent 535-982 mL,,3.99,,,,2023-02-09T00:00:00-05:00,2023-02-15T23:59:59-05:00,http://f.wishabi.net/page_pdf_images/15400015/c43678c6-a31a-11ed-b0be-0e7faade0358/x_large
FreshCo,,Pepsi Soft Drinks 2 L Selected Varieties,,5.0,3/,,,2023-02-09T00:00:00-05:00,2023-02-15T23:59:59-05:00,http://f.wishabi.net/page_pdf_images/15400015/c42f56c2-a31a-11ed-b0be-0e7faade0358/x_large
FreshCo,,Pepsi Soft Drinks Mini Cans 6x222 mL,,3.29,,,,2023-02-09T00:00:00-05:00,2023-02-15T23:59:59-05:00,http://f.wishabi.net/page_pdf_images/15400015/c3d315f6-a31a-11ed-b0be-0e7faade0358/x_large
FreshCo,,Gatorade 6x591mL or 8x355mL,,11.0,2/,,,2023-02-09T00:00:00-05:00,2023-02-15T23:59:59-05:00,http://f.wishabi.net/page_items/286016408/1675792702/extra_large.jpg
FreshCo,,Coca-Cola Soft Drinks 2 L Selected Varieties,,7.0,4/,,,2023-02-09T00:00:00-05:00,2023-02-15T23:59:59-05:00,http://f.wishabi.net/page_pdf_images/15400015/c3ae7412-a31a-11ed-b0be-0e7faade0358/x_large
FreshCo,,Powerade Variety Team Pack 24x591 mL,,14.99,,,,2023-02-09T00:00:00-05:00,2023-02-15T23:59:59-05:00,http://f.wishabi.net/page_pdf_images/15400015/c382c81c-a31a-11ed-b0be-0e7faade0358/x_large
FreshCo,,Nestea 12x341 mL or Peace Tea 12x341 mL,,5.99,,,,2023-02-09T00:00:00-05:00,2023-02-15T23:59:59-05:00,http://f.wishabi.net/page_pdf_images/15400015/c324e0f8-a31a-11ed-b0be-0e7faade0358/x_large
FreshCo,,Nestle Cellos 135-203 g or Nestle Multipacks 164-200 g,,3.49,,,,2023-02-09T00:00:00-05:00,2023-02-15T23:59:59-05:00,http://f.wishabi.net/page_pdf_images/15400015/c60f7b2a-a31a-11ed-b0be-0e7faade0358/x_large
FreshCo,,Christie OREO & Chips Ahoy!,Select Varieties 180-225 g,5.0,2/,,,2023-02-09T00:00:00-05:00,2023-02-15T23:59:59-05:00,http://f.wishabi.net/page_items/286345962/1675792717/extra_large.jpg
FreshCo,,"Dare Viva Puffs or Wagon Wheels 300-360 g, Dare Whippets 230-250 g or Dare Ultimate Cookies 290-300 g",,2.29,,,,2023-02-09T00:00:00-05:00,2023-02-15T23:59:59-05:00,http://f.wishabi.net/page_pdf_images/15400015/c6940b2e-a31a-11ed-b0be-0e7faade0358/x_large
FreshCo,,Christie Peek Freans,Select Varieties 265-350 g,5.0,2/,,,2023-02-09T00:00:00-05:00,2023-02-15T23:59:59-05:00,http://f.wishabi.net/page_items/286345961/1675792714/extra_large.jpg
FreshCo,,Tostitos Tortilla Chips 205-300 g,,2.99,,with Scene+ Card,,2023-02-09T00:00:00-05:00,2023-02-15T23:59:59-05:00,http://f.wishabi.net/page_pdf_images/15400016/c96c5c34-a31a-11ed-8bc3-0ec6e2beadde/x_large
FreshCo,,Schneiders Pepperettes 250-375 g Hot Rod Snack Pack 160 g,,5.99,,with Scene+ Card,,2023-02-09T00:00:00-05:00,2023-02-15T23:59:59-05:00,http://f.wishabi.net/page_pdf_images/15400016/c9d77578-a31a-11ed-8bc3-0ec6e2beadde/x_large
FreshCo,,Doritos Tortilla Chips 210-280 g,,6.5,2/,,,2023-02-09T00:00:00-05:00,2023-02-15T23:59:59-05:00,http://f.wishabi.net/page_pdf_images/15400016/c82b0f96-a31a-11ed-8bc3-0ec6e2beadde/x_large
FreshCo,,Chapman's Frozen Yogurt 2 L or Frozen Dessert 75-120 mL,,4.99,,,,2023-02-09T00:00:00-05:00,2023-02-15T23:59:59-05:00,http://f.wishabi.net/page_items/286016502/1675792694/extra_large.jpg
FreshCo,,Que Pasa Tortilla Chips 286-350 g,,7.0,2/,,,2023-02-09T00:00:00-05:00,2023-02-15T23:59:59-05:00,http://f.wishabi.net/page_pdf_images/15400016/c7528d06-a31a-11ed-8bc3-0ec6e2beadde/x_large
FreshCo,,Best Buy Trail Mix 1 kg,,8.99,,,,2023-02-09T00:00:00-05:00,2023-02-15T23:59:59-05:00,http://f.wishabi.net/page_pdf_images/15400016/c792ae2c-a31a-11ed-8bc3-0ec6e2beadde/x_large
FreshCo,,Mars Chocolate Pouches 160-230g,,4.0,,,,2023-02-09T00:00:00-05:00,2023-02-15T23:59:59-05:00,http://f.wishabi.net/page_items/286016505/1675792697/extra_large.jpg
FreshCo,,Hershey's Stand Up Pouches 165-290 g or Hershey's Multipack 172-232 g,,3.99,,,,2023-02-09T00:00:00-05:00,2023-02-15T23:59:59-05:00,http://f.wishabi.net/page_pdf_images/15400016/c921b0ee-a31a-11ed-8bc3-0ec6e2beadde/x_large
FreshCo,,Jack Link's Jerky 80 g,,11.0,2/,,,2023-02-09T00:00:00-05:00,2023-02-15T23:59:59-05:00,http://f.wishabi.net/page_items/286016507/1675792698/extra_large.jpg
FreshCo,,Planters Craft Bar Mix 550 g,,4.99,,,,2023-02-09T00:00:00-05:00,2023-02-15T23:59:59-05:00,http://f.wishabi.net/page_pdf_images/15400016/c7974450-a31a-11ed-8bc3-0ec6e2beadde/x_large
FreshCo,,McCain Regular Fries 900 g,,2.29,,,,2023-02-09T00:00:00-05:00,2023-02-15T23:59:59-05:00,http://f.wishabi.net/page_pdf_images/15400016/c9532c78-a31a-11ed-8bc3-0ec6e2beadde/x_large
FreshCo,,Grace Chicken Wings 750g Selected Varieties,,12.99,,,,2023-02-09T00:00:00-05:00,2023-02-15T23:59:59-05:00,http://f.wishabi.net/page_pdf_images/15400016/c913bb4c-a31a-11ed-8bc3-0ec6e2beadde/x_large
FreshCo,,Grace Jerk Chicken Patties 600 g Selected Varieties,,10.0,2/,,,2023-02-09T00:00:00-05:00,2023-02-15T23:59:59-05:00,http://f.wishabi.net/page_items/286016511/1675792702/extra_large.jpg
FreshCo,,Fontaine Santé Hummus 227-250g The Laughing Cow 8 pk Kiri 150g,,2.99,,,,2023-02-09T00:00:00-05:00,2023-02-15T23:59:59-05:00,http://f.wishabi.net/page_pdf_images/15400016/c6c6f34a-a31a-11ed-8bc3-0ec6e2beadde/x_large
FreshCo,,Summer Fresh Salad 800 g-1 kg,,6.99,,,,2023-02-09T00:00:00-05:00,2023-02-15T23:59:59-05:00,http://f.wishabi.net/page_pdf_images/15400016/c707b984-a31a-11ed-8bc3-0ec6e2beadde/x_large
FreshCo,,Pharmacy Appointment,,,,,,2023-02-09T00:00:00-05:00,2023-02-15T23:59:59-05:00,http://f.wishabi.net/page_items/286280423/1675792714/extra_large.jpg
FreshCo,,Daiya Dairy-Free Shreds 200 g,,3.99,,,,2023-02-09T00:00:00-05:00,2023-02-15T23:59:59-05:00,http://f.wishabi.net/page_pdf_images/15400019/c8d63736-a31a-11ed-98ac-0efae983d694/x_large
FreshCo,,Sensible Portions Garden Veggie Straws 120-142g,,2.49,,,,2023-02-09T00:00:00-05:00,2023-02-15T23:59:59-05:00,http://f.wishabi.net/page_pdf_images/15400019/c9842666-a31a-11ed-98ac-0efae983d694/x_large
FreshCo,,Daiya Dairy-Free Slices 220 g,,3.99,,,,2023-02-09T00:00:00-05:00,2023-02-15T23:59:59-05:00,http://f.wishabi.net/page_pdf_images/15400019/c8d352b4-a31a-11ed-98ac-0efae983d694/x_large
FreshCo,,Made Good Bars 100-144g Selected Varieties,,3.49,,,,2023-02-09T00:00:00-05:00,2023-02-15T23:59:59-05:00,http://f.wishabi.net/page_pdf_images/15400019/c9c93242-a31a-11ed-98ac-0efae983d694/x_large
FreshCo,,Kashi Cereal 340-460g Selected Varieties,,4.99,,,,2023-02-09T00:00:00-05:00,2023-02-15T23:59:59-05:00,http://f.wishabi.net/page_pdf_images/15400019/ca1ea024-a31a-11ed-98ac-0efae983d694/x_large
FreshCo,,Nuts to You Nut Butter Inc. 365 g Selected Varieties,,9.99,,,,2023-02-09T00:00:00-05:00,2023-02-15T23:59:59-05:00,http://f.wishabi.net/page_pdf_images/15400019/c96770e8-a31a-11ed-98ac-0efae983d694/x_large
FreshCo,,RX Bars 52 g,,2.49,,,,2023-02-09T00:00:00-05:00,2023-02-15T23:59:59-05:00,http://f.wishabi.net/page_pdf_images/15400019/ca326b54-a31a-11ed-98ac-0efae983d694/x_large
FreshCo,,Harvest Snaps Snacks 94 g Selected Varieties,,2.49,,,,2023-02-09T00:00:00-05:00,2023-02-15T23:59:59-05:00,http://f.wishabi.net/page_pdf_images/15400019/ca7d27f2-a31a-11ed-98ac-0efae983d694/x_large
FreshCo,,Betty Crocker Gluten Free Mixes 454-539 g Selected Varieties,,5.49,,,,2023-02-09T00:00:00-05:00,2023-02-15T23:59:59-05:00,http://f.wishabi.net/page_pdf_images/15400019/ca7c5142-a31a-11ed-98ac-0efae983d694/x_large
FreshCo,,"EARN REWARDS FASTER WITH UP TO 10,000 BONUS POINTS",,,,,,2023-02-09T00:00:00-05:00,2023-02-15T23:59:59-05:00,http://f.wishabi.net/page_items/286280422/1675792712/extra_large.jpg
FreshCo,,Made Good Bars 100-144g Selected Varieties,,3.49,,,,2023-02-09T00:00:00-05:00,2023-02-15T23:59:59-05:00,http://f.wishabi.net/page_pdf_images/15400019/c9c93242-a31a-11ed-98ac-0efae983d694/x_large
FreshCo,,Lindt Lindor Amour Heart Milk Chocolate Assorted 108 g,,9.99,,,,2023-02-09T00:00:00-05:00,2023-02-15T23:59:59-05:00,http://f.wishabi.net/page_pdf_images/15400017/cb1da9de-a31a-11ed-a79f-0e7faade0358/x_large
FreshCo,,Hershey's Hugs or Kisses 180 g,,4.49,,,,2023-02-09T00:00:00-05:00,2023-02-15T23:59:59-05:00,http://f.wishabi.net/page_items/286016516/1675792693/extra_large.jpg
FreshCo,,Kinder Surprise Valentine's Chocolate Heart 40 g,,2.49,,,,2023-02-09T00:00:00-05:00,2023-02-15T23:59:59-05:00,http://f.wishabi.net/page_pdf_images/15400017/cbb834cc-a31a-11ed-a79f-0e7faade0358/x_large
FreshCo,,3 Steam Roses with Greens & Baby's Breath,,6.99,,,,2023-02-09T00:00:00-05:00,2023-02-15T23:59:59-05:00,http://f.wishabi.net/page_pdf_images/15400018/cd553cb2-a31a-11ed-a426-0e1ba86a8db4/x_large
FreshCo,,Valentine's Mixed Bouquet,,7.99,,,,2023-02-09T00:00:00-05:00,2023-02-15T23:59:59-05:00,http://f.wishabi.net/page_pdf_images/15400018/cdc3c2fe-a31a-11ed-a426-0e1ba86a8db4/x_large
FreshCo,,Ferrero Rocher Chocolate Heart 100 g,,5.99,,,,2023-02-09T00:00:00-05:00,2023-02-15T23:59:59-05:00,http://f.wishabi.net/page_pdf_images/15400017/cc97dece-a31a-11ed-a79f-0e7faade0358/x_large
FreshCo,,Cadbury Chocolate Bag 152-188 g,,4.0,,,,2023-02-09T00:00:00-05:00,2023-02-15T23:59:59-05:00,http://f.wishabi.net/page_pdf_images/15400017/cc5fa112-a31a-11ed-a79f-0e7faade0358/x_large
FreshCo,,Compliments Cinnamon Hearts 150 g,,1.49,,,,2023-02-09T00:00:00-05:00,2023-02-15T23:59:59-05:00,http://f.wishabi.net/page_pdf_images/15400017/cce15df6-a31a-11ed-a79f-0e7faade0358/x_large
FreshCo,,Kit Kat Valentine's Mini Bars 30 pk 375 g,,6.49,,,,2023-02-09T00:00:00-05:00,2023-02-15T23:59:59-05:00,http://f.wishabi.net/page_pdf_images/15400017/cd43ff56-a31a-11ed-a79f-0e7faade0358/x_large
FreshCo,,Ferrero Rocher Chocolate 3 pk,,1.25,,,,2023-02-09T00:00:00-05:00,2023-02-15T23:59:59-05:00,http://f.wishabi.net/page_pdf_images/15400017/cda7fe2a-a31a-11ed-a79f-0e7faade0358/x_large
FreshCo,,Rose & Alstroemeria 8 Stem Bouquets,,12.99,,,,2023-02-09T00:00:00-05:00,2023-02-15T23:59:59-05:00,http://f.wishabi.net/page_pdf_images/15400018/cd09392a-a31a-11ed-a426-0e1ba86a8db4/x_large
FreshCo,,Dozen Rose Bouquet,,12.99,,,,2023-02-09T00:00:00-05:00,2023-02-15T23:59:59-05:00,http://f.wishabi.net/page_pdf_images/15400018/cd09392a-a31a-11ed-a426-0e1ba86a8db4/x_large
FreshCo,,6 Steam Roses with Greens & Baby's Breath Roses,,12.99,,,,2023-02-09T00:00:00-05:00,2023-02-15T23:59:59-05:00,http://f.wishabi.net/page_pdf_images/15400018/cc863570-a31a-11ed-a426-0e1ba86a8db4/x_large
FreshCo,,3 Steam Roses with Greens & Baby's Breath,,6.99,,,,2023-02-09T00:00:00-05:00,2023-02-15T23:59:59-05:00,http://f.wishabi.net/page_pdf_images/15400018/cd553cb2-a31a-11ed-a426-0e1ba86a8db4/x_large
FreshCo,,Valentine's Mixed Bouquet,,12.99,,,,2023-02-09T00:00:00-05:00,2023-02-15T23:59:59-05:00,http://f.wishabi.net/page_pdf_images/15400018/cdffb098-a31a-11ed-a426-0e1ba86a8db4/x_large
FreshCo,,Valentine's Mixed Bouquet,,7.99,,,,2023-02-09T00:00:00-05:00,2023-02-15T23:59:59-05:00,http://f.wishabi.net/page_pdf_images/15400018/cdc3c2fe-a31a-11ed-a426-0e1ba86a8db4/x_large
FreshCo,,"Orchids 5"" Deco Plastic Pot",,14.99,,,,2023-02-09T00:00:00-05:00,2023-02-15T23:59:59-05:00,http://f.wishabi.net/page_pdf_images/15400018/cc71be74-a31a-11ed-a426-0e1ba86a8db4/x_large
FreshCo,,"Orchids 4"" Deco Pot",,10.99,,,,2023-02-09T00:00:00-05:00,2023-02-15T23:59:59-05:00,http://f.wishabi.net/page_pdf_images/15400018/cf730376-a31a-11ed-a426-0e1ba86a8db4/x_large
FreshCo,,Large Valentine's Mixed Bouquet,,14.99,,,,2023-02-09T00:00:00-05:00,2023-02-15T23:59:59-05:00,http://f.wishabi.net/page_pdf_images/15400018/cec80b06-a31a-11ed-a426-0e1ba86a8db4/x_large
FreshCo,,"Mini Roses 6"" Pot",,7.99,,,,2023-02-09T00:00:00-05:00,2023-02-15T23:59:59-05:00,http://f.wishabi.net/page_pdf_images/15400018/cffcdbe6-a31a-11ed-a426-0e1ba86a8db4/x_large
FreshCo,,"Mini Roses 4"" Pot",,4.49,,,,2023-02-09T00:00:00-05:00,2023-02-15T23:59:59-05:00,http://f.wishabi.net/page_pdf_images/15400018/cf776b32-a31a-11ed-a426-0e1ba86a8db4/x_large
FreshCo,,Rose & Alstroemeria 8 Stem Bouquets,,12.99,,,,2023-02-09T00:00:00-05:00,2023-02-15T23:59:59-05:00,http://f.wishabi.net/page_pdf_images/15400018/cd09392a-a31a-11ed-a426-0e1ba86a8db4/x_large
FreshCo,,Seedless Oranges Product of USA 3.28/kg,,1.49,,/lb,,2023-02-09T00:00:00-05:00,2023-02-15T23:59:59-05:00,http://f.wishabi.net/page_pdf_images/15400020/ca466c94-a31a-11ed-a3b3-0efae983d694/x_large
FreshCo,,"Mini Seedless Cucumbers 6 Pack Product or Ontario, Canada No. 1 Grape Tomatoes pint Products of USA or Mexico",,2.99,,,,2023-02-09T00:00:00-05:00,2023-02-15T23:59:59-05:00,http://f.wishabi.net/page_pdf_images/15400020/cc1da898-a31a-11ed-a3b3-0efae983d694/x_large
FreshCo,,6 Steam Roses with Greens & Baby's Breath Roses,,12.99,,,,2023-02-09T00:00:00-05:00,2023-02-15T23:59:59-05:00,http://f.wishabi.net/page_pdf_images/15400018/cc863570-a31a-11ed-a426-0e1ba86a8db4/x_large
FreshCo,,Cantaloupe Product of Guatemala or Brazil No. 1 Grade,,2.99,,,,2023-02-09T00:00:00-05:00,2023-02-15T23:59:59-05:00,http://f.wishabi.net/page_pdf_images/15400020/cc63cbca-a31a-11ed-a3b3-0efae983d694/x_large
FreshCo,,Jumbo Golden Pineapples Product of Costa Rica,,3.99,,,,2023-02-09T00:00:00-05:00,2023-02-15T23:59:59-05:00,http://f.wishabi.net/page_items/286016546/1675792716/extra_large.jpg
FreshCo,,Fruit or Vegetable Platter with Dip 1.36-1.45 kg,,14.0,,,,2023-02-09T00:00:00-05:00,2023-02-15T23:59:59-05:00,http://f.wishabi.net/page_items/286016548/1675792718/extra_large.jpg
FreshCo,,Celery Product of USA No. 1 Grade,,2.99,,,,2023-02-09T00:00:00-05:00,2023-02-15T23:59:59-05:00,http://f.wishabi.net/page_pdf_images/15400020/ca3be4ae-a31a-11ed-a3b3-0efae983d694/x_large
FreshCo,,Litehouse Dressing Assorted 384 mL,,3.99,,,,2023-02-09T00:00:00-05:00,2023-02-15T23:59:59-05:00,http://f.wishabi.net/page_pdf_images/15400020/cad8d138-a31a-11ed-a3b3-0efae983d694/x_large
FreshCo,,Litehouse Dips Assorted 340 g,,3.49,,,,2023-02-09T00:00:00-05:00,2023-02-15T23:59:59-05:00,http://f.wishabi.net/page_pdf_images/15400020/cb1f4ca8-a31a-11ed-a3b3-0efae983d694/x_large
FreshCo,,RS Cashews Roasted & Salted 200 g,,4.0,,,,2023-02-09T00:00:00-05:00,2023-02-15T23:59:59-05:00,http://f.wishabi.net/page_pdf_images/15400020/cb43faee-a31a-11ed-a3b3-0efae983d694/x_large
FreshCo,,RS Mini or Stick Pretzels 908 g RS Caramel Corn 600g,,3.99,,,,2023-02-09T00:00:00-05:00,2023-02-15T23:59:59-05:00,http://f.wishabi.net/page_items/286016552/1675792722/extra_large.jpg
FreshCo,,"Mini Roses 4"" Pot",,4.49,,,,2023-02-09T00:00:00-05:00,2023-02-15T23:59:59-05:00,http://f.wishabi.net/page_pdf_images/15400018/cf776b32-a31a-11ed-a426-0e1ba86a8db4/x_large
FreshCo,,Wonderful Pistachios No Shells Assorted 155-170 g,,5.99,,,,2023-02-09T00:00:00-05:00,2023-02-15T23:59:59-05:00,http://f.wishabi.net/page_pdf_images/15400020/cd4640b8-a31a-11ed-a3b3-0efae983d694/x_large
FreshCo,,RS Party Mix 700 g,,6.99,,,,2023-02-09T00:00:00-05:00,2023-02-15T23:59:59-05:00,http://f.wishabi.net/page_pdf_images/15400020/cba9f3c6-a31a-11ed-a3b3-0efae983d694/x_large
FreshCo,,Wonderful Pistachois 450 g Rosted & Salted Product of USA,,8.99,,,,2023-02-09T00:00:00-05:00,2023-02-15T23:59:59-05:00,http://f.wishabi.net/page_pdf_images/15400020/cbd1835a-a31a-11ed-a3b3-0efae983d694/x_large
FreshCo,,Planters Roasted Peanuts 2kg Product of USA,,11.99,,,,2023-02-09T00:00:00-05:00,2023-02-15T23:59:59-05:00,http://f.wishabi.net/page_pdf_images/15400020/cbf3dc48-a31a-11ed-a3b3-0efae983d694/x_large
FreshCo,,Little Sheep Hot Pot Soup 130-235 g Selected Varieties or Haidilao Hot Pot Seasoning 200-220 g,,3.99,,,,2023-02-09T00:00:00-05:00,2023-02-15T23:59:59-05:00,http://f.wishabi.net/page_pdf_images/15400021/cc53fe0c-a31a-11ed-9ecc-0efae983d694/x_large
FreshCo,,Swanson Chicken Broth 412 mL,,14.99,12/,,,2023-02-09T00:00:00-05:00,2023-02-15T23:59:59-05:00,http://f.wishabi.net/page_pdf_images/15400021/c979d972-a31a-11ed-9ecc-0efae983d694/x_large
FreshCo,,Kadoya Sesame Oil 163 mL,,3.99,,,,2023-02-09T00:00:00-05:00,2023-02-15T23:59:59-05:00,http://f.wishabi.net/page_pdf_images/15400021/c9d2ba42-a31a-11ed-9ecc-0efae983d694/x_large
FreshCo,,Kikkoman Soy Sauce 296 mL Selected Varieties,,3.99,,,,2023-02-09T00:00:00-05:00,2023-02-15T23:59:59-05:00,http://f.wishabi.net/page_pdf_images/15400021/ca39f536-a31a-11ed-9ecc-0efae983d694/x_large
FreshCo,,Lee Kum Kee Chili Garlic Sauce or Black Bean Garlic Sauce 368g,,3.99,,,,2023-02-09T00:00:00-05:00,2023-02-15T23:59:59-05:00,http://f.wishabi.net/page_pdf_images/15400021/ca88083e-a31a-11ed-9ecc-0efae983d694/x_large
FreshCo,,Heiwa Sanuki-Style Udon 1.25 kg or Nissin Noodles 500 g Selected Varieties,,4.99,,,,2023-02-09T00:00:00-05:00,2023-02-15T23:59:59-05:00,http://f.wishabi.net/page_pdf_images/15400021/cd719e70-a31a-11ed-9ecc-0efae983d694/x_large
FreshCo,,Binggrae Melona Ice Bars 560 mL Selected Varieties,,4.99,,,,2023-02-09T00:00:00-05:00,2023-02-15T23:59:59-05:00,http://f.wishabi.net/page_items/286016601/1675792718/extra_large.jpg
FreshCo,,Leo Gan Ma Chilli in Oil 210-275 g Selected Varieties,,5.0,2/,,,2023-02-09T00:00:00-05:00,2023-02-15T23:59:59-05:00,http://f.wishabi.net/page_items/286016602/1675792719/extra_large.jpg
FreshCo,,Lee Kum Kee Hoisin Sauce 443mL or Lee kum kee Oyster Sauce 510g,,5.0,2/,,,2023-02-09T00:00:00-05:00,2023-02-15T23:59:59-05:00,http://f.wishabi.net/page_pdf_images/15400021/cb069ce4-a31a-11ed-9ecc-0efae983d694/x_large
FreshCo,,Assi Tofu 454 g Selected Varieties,,3.0,2/,,,2023-02-09T00:00:00-05:00,2023-02-15T23:59:59-05:00,http://f.wishabi.net/page_pdf_images/15400021/cbc92476-a31a-11ed-9ecc-0efae983d694/x_large
FreshCo,,O'Tasty Dumplings 567 g Selected Varieties,,4.99,,,,2023-02-09T00:00:00-05:00,2023-02-15T23:59:59-05:00,http://f.wishabi.net/page_items/286016605/1675792722/extra_large.jpg
FreshCo,,UFC 100% Coconut Water 1 L,,3.99,,,,2023-02-09T00:00:00-05:00,2023-02-15T23:59:59-05:00,http://f.wishabi.net/page_items/286016606/1675792722/extra_large.jpg
FreshCo,,Knorr Chicken Broth Mix 1 kg,,9.99,,,,2023-02-09T00:00:00-05:00,2023-02-15T23:59:59-05:00,http://f.wishabi.net/page_pdf_images/15400021/cc3bcfe4-a31a-11ed-9ecc-0efae983d694/x_large
FreshCo,,Paldo Aloe Drink 1.5 L Selected Varieties,,2.99,,,,2023-02-09T00:00:00-05:00,2023-02-15T23:59:59-05:00,http://f.wishabi.net/page_items/286016608/1675792725/extra_large.jpg
FreshCo,,Joyshare Butane Fuel 4x227 g,,7.99,,,,2023-02-09T00:00:00-05:00,2023-02-15T23:59:59-05:00,http://f.wishabi.net/page_items/286016609/1675792726/extra_large.jpg
FreshCo,,OHO Chafing Dish Pot,,16.99,,,,2023-02-09T00:00:00-05:00,2023-02-15T23:59:59-05:00,http://f.wishabi.net/page_items/286016610/1675792727/extra_large.jpg
FreshCo,,Spiky Portable Butane Gas Burner,,22.99,,,,2023-02-09T00:00:00-05:00,2023-02-15T23:59:59-05:00,http://f.wishabi.net/page_items/286016611/1675792728/extra_large.jpg
FreshCo,,Email Acquisition,,,,,,2023-02-09T00:00:00-05:00,2023-02-15T23:59:59-05:00,http://f.wishabi.net/page_items/286280424/1675792713/extra_large.jpg
